<?xml version="1.0" encoding="UTF-8"?><customer last.order="11a94147115_54"><id label="Company Name" required="true" tooltip="Enter your company name" value="Life Exposed"/><name label="Name" required="true" tooltip="Enter your name" value="marsha"/><address label="Address" required="true" tooltip="Enter your complete street address" value="4191 piedra"/><city label="City" required="true" value="boulder"/><state choices="CA,AB,BC,MB,NB,NF,NS,PE,ON,QC,SK,AK,AL,AR,AZ,CO,CT,DC,DE,FL,GA,HI,IA,ID,IL,IN,KS,KY,LA,MA,MD,ME,MI,MN,MO,MS,MT,NC,ND,NE,NH,NJ,NM,NV,NY,OH,OK,OR,PA,RI,SC,SD,TN,TX,UT,VA,VT,WA,WI,WV,WY" label="State" required="true" tooltip="Select your state or province" value="CO"/><zip label="Zip Code" required="true" tooltip="Enter your zip code" value="80301"/><phone characterlimit="10" label="Phone #" required="true" tooltip="Enter your phone number" value="303"/><email label="E-Mail Address" required="true" tooltip="Enter a single email address" value="marsha@lifeexposedphoto.com"/></customer>